数量,销售额,产品,地区,日期
45.0,11203.67,键盘,华东,2024年12月13日
,28793.35,鼠标,西南,2024年12月19日
43.0,9481.19,显示器,东北,2024年12月18日
32.0,29135.23,服务器,东北,2024年12月03日
36.0,23682.51,打印机,西北,2024年12月04日
26.0,16093.75,显示器,西南,2024年12月04日
39.0,34589.93,笔记本电脑,西北,2024年12月03日
43.0,25220.46,键盘,西南,2024年12月25日
38.0,41034.65,显示器,华东,2024年12月02日
43.0,暂无,笔记本电脑,东北,2024年12月25日
40.0,15283.66,打印机,西南,2024年12月05日
21.0,11077.42,显示器,西南,2024年12月19日
28.0,15922.96,服务器,西北,2024年12月10日
40.0,29553.62,笔记本电脑,华南,2024年12月23日
4.0,42772.75,显示器,西南,2024年12月17日
36.0,1041.32,笔记本电脑,西北,2024年12月12日
2.0,43201.14,笔记本电脑,华南,2024年12月27日
41.0,29918.03,服务器,西南,2024年12月08日
28.0,20895.6,鼠标,东北,2024年12月11日
9.0,9497.1,服务器,华北,2024年12月18日
24.0,42323.06,鼠标,西北,2024年12月07日
43.0,15135.07,显示器,西南,2024年12月27日
2.0,-,笔记本电脑,华北,2024年12月05日
9.0,33238.41,鼠标,东北,2024年12月05日
30.0,40491.14,服务器,华北,2024年12月03日
40.0,46585.24,打印机,东北,2024年12月26日
29.0,21782.11,打印机,西南,2024年12月06日
39.0,10103.76,显示器,华南,2024年12月13日
16.0,N/A,鼠标,西北,2024年12月01日
35.0,21131.05,键盘,西北,2024年12月23日
37.0,48933.44,笔记本电脑,华南,2024年12月19日
31.0,6545.05,键盘,东北,2024年12月16日
34.0,36779.09,显示器,华东,2024年12月23日
34.0,26330.53,鼠标,华南,2024年12月28日
48.0,24150.13,显示器,华东,2024年12月20日
35.0,34519.63,笔记本电脑,东北,2024年12月22日
22.0,31038.92,键盘,西北,2024年12月26日
31.0,23247.7,鼠标,华东,2024年12月18日
19.0,21629.79,键盘,东北,2024年12月19日
39.0,35057.51,笔记本电脑,华北,2024年12月10日
17.0,39466.06,服务器,华南,2024年12月24日
37.0,29328.91,鼠标,东北,2024年12月02日
40.0,40635.89,键盘,东北,2024年12月02日
33.0,5043.0,鼠标,华南,2024年12月01日
18.0,7494.4,键盘,华南,2024年12月03日
,37330.03,笔记本电脑,华南,2024年12月09日
29.0,8405.65,服务器,西北,2024年12月06日
16.0,-,键盘,华北,2024年12月12日
,43238.71,打印机,华北,2024年12月16日
10.0,,打印机,华北,2024年12月03日
16.0,38748.02,鼠标,西南,2024年12月27日
14.0,32241.16,服务器,西南,2024年12月22日
17.0,3661.96,键盘,东北,2024年12月19日
26.0,9212.42,笔记本电脑,华东,2024年12月25日
49.0,37561.38,鼠标,华南,2024年12月16日
25.0,34491.99,鼠标,华北,2024年12月18日
28.0,26991.66,显示器,华南,2024年12月16日
21.0,19718.2,鼠标,华南,2024年12月01日
35.0,5770.85,笔记本电脑,东北,2024年12月17日
42.0,30913.79,鼠标,华南,2024年12月21日
7.0,14245.98,键盘,华南,2024年12月28日
50.0,-,打印机,东北,2024年12月09日
38.0,36981.36,显示器,东北,2024年12月22日
45.0,17532.92,打印机,华北,2024年12月25日
,1518.32,打印机,华南,2024年12月06日
34.0,21151.19,笔记本电脑,华东,2024年12月27日
47.0,18224.3,鼠标,东北,2024年12月04日
40.0,2668.05,显示器,华南,2024年12月10日
14.0,33173.67,打印机,华东,2024年12月03日
8.0,35695.68,笔记本电脑,东北,2024年12月20日
49.0,19421.96,显示器,西北,2024年12月03日
45.0,44904.08,显示器,西北,2024年12月21日
5.0,23880.82,键盘,华南,2024年12月06日
45.0,38698.6,键盘,西南,2024年12月21日
5.0,8936.34,键盘,华南,2024年12月22日
4.0,20040.93,鼠标,华东,2024年12月09日
32.0,22588.17,显示器,华南,2024年12月09日
32.0,9743.67,鼠标,西北,2024年12月07日
14.0,38666.66,打印机,华北,2024年12月04日
46.0,45717.85,笔记本电脑,东北,2024年12月20日
37.0,4573.06,笔记本电脑,华东,2024年12月09日
32.0,1919.47,鼠标,华南,2024年12月24日
3.0,1042.51,服务器,东北,2024年12月05日
22.0,8428.77,键盘,西南,2024年12月22日
50.0,26253.77,笔记本电脑,西北,2024年12月13日
47.0,待定,鼠标,西南,2024年12月16日
25.0,12066.5,打印机,华东,2024年12月25日
23.0,28794.95,笔记本电脑,西南,2024年12月23日
41.0,20630.13,键盘,东北,2024年12月11日
22.0,27196.69,键盘,华东,2024年12月21日
12.0,32741.84,键盘,西南,2024年12月03日
20.0,33375.97,鼠标,华东,2024年12月18日
23.0,31900.24,笔记本电脑,西南,2024年12月23日
13.0,22461.2,服务器,华东,2024年12月16日
38.0,2242.87,显示器,华东,2024年12月05日
35.0,4086.64,鼠标,西南,2024年12月08日
29.0,27163.06,鼠标,华南,2024年12月21日
47.0,N/A,键盘,华东,2024年12月01日
42.0,11372.23,笔记本电脑,西南,2024年12月02日
35.0,47064.4,鼠标,西北,2024年12月22日
,12416.3,打印机,东北,2024年12月05日
2.0,24955.84,显示器,东北,2024年12月02日
42.0,12891.45,笔记本电脑,西北,2024年12月16日
20.0,32000.41,显示器,华东,2024年12月05日
38.0,30950.07,鼠标,华东,2024年12月27日
,25360.03,笔记本电脑,华东,2024年12月03日
48.0,待定,显示器,华东,2024年12月08日
44.0,6919.32,键盘,西南,2024年12月22日
14.0,16757.9,显示器,西北,2024年12月19日
5.0,9498.93,打印机,华东,2024年12月25日
40.0,2668.05,显示器,华南,2024年12月10日
1.0,1518.32,打印机,华南,2024年12月06日
35.0,47064.4,鼠标,西北,2024年12月22日
35.0,34519.63,笔记本电脑,东北,2024年12月22日
